Code,Continent,Region
AD,Europe,Andorra
AE,Asia,United Arab Emirates
AF,Asia,Afghanistan
AG,North America,Antigua and Barbuda
AI,North America,Anguilla
AL,Europe,Albania
AM,Asia,Armenia
AN,North America,Netherlands Antilles
AO,Africa,Angola
AQ,Antarctica,Antarctica
AR,South America,Argentina
AS,Oceania,American Samoa
AT,Europe,Austria
AU,Oceania,Australia
AW,South America,Aruba
AX,Europe,Aland Islands
AZ,Asia,Azerbaijan
BA,Europe,Bosnia and Herzegovina
BB,North America,Barbados
BD,Asia,Bangladesh
BE,Europe,Belgium
BF,Africa,Burkina Faso
BG,Europe,Bulgaria
BH,Asia,Bahrain
BI,Africa,Burundi
BJ,Africa,Benin
BL,North America,Saint-Barthelemy|Saint Barthelemy
BM,North America,Bermuda
BN,Asia,Brunei|Brunei Darussalam
BO,South America,Bolivia
BR,South America,Brazil
BS,North America,Bahamas
BT,Asia,Bhutan
BV,Antarctica,Bouvet Island
BW,Africa,Botswana
BY,Europe,Belarus
BZ,North America,Belize
CA,North America,Canada
CC,Asia,Cocos Islands|Keeling Islands|Cocos Keeling Islands|Cocos (Keeling) Islands
CD,Africa,Democratic Republic of the Congo|DR Congo|Zaire
CF,Africa,Central African Republic
CG,Africa,Republic of the Congo|Congo
CH,Europe,Switzerland
CI,Africa,Ivory Coast|Cote d'Ivoire
CK,Oceania,Cook Islands 
CL,South America,Chile
CM,Africa,Cameroon
CN,Asia,China
CO,South America,Colombia
CR,North America,Costa Rica
CU,North America,Cuba
CV,Africa,Cabo Verde|Cape Verde
CX,Asia,Christmas Island
CY,Europe,Cyprus
CZ,Europe,Czechia|Czech Republic
DE,Europe,Germany
DJ,Africa,Djibouti
DK,Europe,Denmark
DM,North America,Dominica
DO,North America,Dominican Republic
DZ,Africa,Algeria
EC,South America,Ecuador
EE,Europe,Estonia
EG,Africa,Egypt
EH,Africa,Western Sahara
ER,Africa,Eritrea
ES,Europe,Spain
ET,Africa,Ethiopia
FI,Europe,Finland
FJ,Oceania,Fiji
FK,South America,Malvinas|Falkland Islands 
FM,Oceania,Micronesia
FO,Europe,Faroe Islands
FR,Europe,France
GA,Africa,Gabon
GB,Europe,United Kingdom
GD,North America,Grenada
GE,Asia,Georgia
GF,South America,French Guiana
GG,Europe,Guernsey
GH,Africa,Ghana
GI,Europe,Gibraltar 
GL,North America,Greenland
GM,Africa,Gambia
GN,Africa,Guinea
GP,North America,Guadeloupe
GQ,Africa,Equatorial Guinea
GR,Europe,Greece
GS,South America,South Georgia and the South Sandwich Islands
GT,North America,Guatemala
GU,Oceania,Guam
GW,Africa,Guinea-Bissau|Guinea Bissau
GY,South America,Guyana
HK,Asia,Hong Kong
HM,Antarctica,Heard and Mcdonald Islands
HN,North America,Honduras
HR,Europe,Croatia
HT,North America,Haiti
HU,Europe,Hungary
ID,Asia,Indonesia
IE,Europe,Ireland
IL,Asia,Israel
IM,Europe,Isle of Man 
IN,Asia,India
IO,Asia,British Indian Ocean Territory
IQ,Asia,Iraq
IR,Asia,Iran
IS,Europe,Iceland
IT,Europe,Italy
JE,Europe,Jersey
JM,North America,Jamaica
JO,Asia,Jordan
JP,Asia,Japan
KE,Africa,Kenya
KG,Asia,Kyrgyzstan
KH,Asia,Cambodia
KI,Oceania,Kiribati
KM,Africa,Comoros
KN,North America,Saint Kitts and Nevis
KP,Asia,North Korea
KR,Asia,South Korea
KW,Asia,Kuwait
KY,North America,Cayman Islands 
KZ,Asia,Kazakhstan
LA,Asia,Laos|Lao PDR
LB,Asia,Lebanon
LC,North America,Saint Lucia
LI,Europe,Liechtenstein
LK,Asia,Sri Lanka
LR,Africa,Liberia
LS,Africa,Lesotho
LT,Europe,Lithuania
LU,Europe,Luxembourg
LV,Europe,Latvia
LY,Africa,Libya
MA,Africa,Morocco
MC,Europe,Monaco
MD,Europe,Moldova
ME,Europe,Montenegro
MF,North America,Saint-Martin|Saint-Martin
MG,Africa,Madagascar
MH,Oceania,Marshall Islands
MK,Europe,North Macedonia|Macedonia
ML,Africa,Mali
MM,Asia,Burma|Myanmar
MN,Asia,Mongolia
MO,Asia,Macau|Macao
MP,Oceania,Northern Mariana Islands
MQ,North America,Martinique
MR,Africa,Mauritania
MS,North America,Montserrat
MT,Europe,Malta
MU,Africa,Mauritius
MV,Asia,Maldives
MW,Africa,Malawi
MX,North America,Mexico
MY,Asia,Malaysia
MZ,Africa,Mozambique
NA,Africa,Namibia
NC,Oceania,New Caledonia
NE,Africa,Niger
NF,Oceania,Norfolk Island
NG,Africa,Nigeria
NI,North America,Nicaragua
NL,Europe,Netherlands
NO,Europe,Norway
NP,Asia,Nepal
NR,Oceania,Nauru
NU,Oceania,Niue 
NZ,Oceania,New Zealand
OM,Asia,Oman
PA,North America,Panama
PE,South America,Peru
PF,Oceania,French Polynesia
PG,Oceania,Papua New Guinea
PH,Asia,Philippines
PK,Asia,Pakistan
PL,Europe,Poland
PM,North America,Saint Pierre and Miquelon 
PN,Oceania,Pitcairn
PR,North America,Puerto Rico
PS,Asia,Palestine
PT,Europe,Portugal
PW,Oceania,Palau
PY,South America,Paraguay
QA,Asia,Qatar
RE,Africa,RÃ©union
RO,Europe,Romania
RS,Europe,Serbia
RU,Asia,Russia
RW,Africa,Rwanda
SA,Asia,Saudi Arabia
SB,Oceania,Solomon Islands
SC,Africa,Seychelles
SD,Africa,Sudan
SE,Europe,Sweden
SG,Asia,Singapore
SH,Africa,Saint Helena
SI,Europe,Slovenia
SJ,Europe,Svalbard and Jan Mayen Islands 
SK,Europe,Slovakia
SL,Africa,Sierra Leone
SM,Europe,San Marino
SN,Africa,Senegal
SO,Africa,Somalia
SR,South America,Suriname
SS,Africa,South Sudan
ST,Africa,Sao Tome and Principe
SV,North America,El Salvador
SY,Asia,Syria
SZ,Africa,Eswatini|Swaziland
TC,North America,Turks and Caicos Islands 
TD,Africa,Chad
TF,Antarctica,French Southern Territories
TG,Africa,Togo
TH,Asia,Thailand
TJ,Asia,Tajikistan
TK,Oceania,Tokelau 
TL,Asia,East Timor|Timor-Leste|Timor Leste
TM,Asia,Turkmenistan
TN,Africa,Tunisia
TO,Oceania,Tonga
TR,Asia,Turkey
TT,North America,Trinidad and Tobago
TV,Oceania,Tuvalu
TW,Asia,Taiwan
TZ,Africa,Tanzania
UA,Europe,Ukraine
UG,Africa,Uganda
UM,North America,US Minor Outlying Islands
US,North America,United States of America|USA
UY,South America,Uruguay
UZ,Asia,Uzbekistan
VA,Europe,Holy See|Vatican City|Vatican City State
VC,North America,Saint Vincent and Grenadines
VE,South America,Venezuela
VG,North America,British Virgin Islands
VI,North America,US Virgin Islands
VN,Asia,Vietnam|Viet Nam
VU,Oceania,Vanuatu
WF,Oceania,Wallis and Futuna Islands 
WS,Oceania,Samoa
YE,Asia,Yemen
YT,Africa,Mayotte
ZA,Africa,South Africa
ZM,Africa,Zambia
ZW,Africa,Zimbabwe
ZZ,null,null